{"staus":true,"list":[{"value": "2813","title": "徐汇区"},{"value": "2815","title": "长宁区"},{"value": "2817","title": "静安区"},{"value": "2820","title": "闸北区"},{"value": "2822","title": "虹口区"},{"value": "2823","title": "杨浦区"},{"value": "2824","title": "宝山区"},{"value": "2825","title": "闵行区"},{"value": "2826","title": "嘉定区"},{"value": "2830","title": "浦东新区"},{"value": "2833","title": "青浦区"},{"value": "2834","title": "松江区"},{"value": "2835","title": "金山区"},{"value": "2837","title": "奉贤区"},{"value": "2841","title": "普陀区"},{"value": "2919","title": "崇明县"},{"value": "78","title": "黄浦区"}]}

